Name,Address,Phone
Sri Lakshmi Enterprises,"3rd Cross Rajajinagar, Bangalore",09606232977
Srikanteshwara Enterprises,"Residential Enclave Kengeri, Bangalore",Show Number
Hi Coat Wires,"Kaveripura Kamakshipalya, Bangalore",09972936959
M S S R Nursery,"5th A Cross Koramangala, Bangalore",06366953501
Gypsum Ct Enterprises,"Hanumantha Nagar Bileshivale, Bangalore",08401142937
Alfu Interiors,"Kumbalgodu, Bangalore",08105819206
Shree Balaajee Enterprises,"Channel Road Ulsoor, Bangalore",07041175933
Focus Waterproofing,"C Cross Road Ramamurthy Nagar, Bangalore",09606266053
Bharat Marketing,"Cross CQAL Layout Sahakara Nagar, Bangalore",09980214657
